ID,Genotype
0026603-C,UNL001
0026604-S,UNL001
0027150-S,UNL001
0027151-C,UNL001
25525,UNL001
25526,UNL001
26279,UNL001
26280,UNL001
023827-C,UNL001
023828-S,UNL001
024353-C,UNL001
024354-S,UNL001
0026684-S,UNL002
0026685-C,UNL002
25923,UNL002
25924,UNL002
023699-C,UNL002
023700-S,UNL002
0026757-S,UNL003
0026758-C,UNL003
0027130-S,UNL003
0027131-C,UNL003
25507,UNL003
25508,UNL003
25983,UNL003
25984,UNL003
023609-C,UNL003
023610-S,UNL003
024153-C,UNL003
024154-S,UNL003
0026423-S,UNL004
0026424-C,UNL004
0027197-C,UNL004
0027198-S,UNL004
25715,UNL004
25716,UNL004
26222,UNL004
26223,UNL004
023785-C,UNL004
023786-S,UNL004
024075-C,UNL004
024076-S,UNL004
0026567-S,UNL005
0026568-C,UNL005
26022,UNL005
26023,UNL005
024315-S,UNL005
024316-C,UNL005
0026597-C,UNL006
0026598-S,UNL006
0026912-C,UNL006
0026913-S,UNL006
25659,UNL006
25660,UNL006
26333,UNL006
26334,UNL006
023857-S,UNL006
023858-C,UNL006
024261-C,UNL006
024262-S,UNL006
0026365-C,UNL007
0026366-S,UNL007
26224,UNL007
26225,UNL007
024135-S,UNL007
024136-C,UNL007
0026413-C,UNL008
0026414-S,UNL008
26087,UNL008
26088,UNL008
023545-S,UNL008
023546-C,UNL008
0026573-S,UNL009
0026574-C,UNL009
25761,UNL009
25762,UNL009
023689-C,UNL009
023690-S,UNL009
0027159-C,UNL010
0027160-S,UNL010
25655,UNL010
25656,UNL010
023863-C,UNL010
023864-S,UNL010
0026928-S,UNL011
0026929-C,UNL011
25790,UNL011
25791,UNL011
024313-S,UNL011
024314-C,UNL011
0026747-C,UNL012
0026748-S,UNL012
26129,UNL012
26130,UNL012
023737-S,UNL012
023738-C,UNL012
024335-C,UNL012
024336-S,UNL012
0026727-S,UNL013
0026728-C,UNL013
25887,UNL013
25888,UNL013
024317-C,UNL013
024318-S,UNL013
0027065-C,UNL014
0027066-S,UNL014
25889,UNL014
25890,UNL014
023697-C,UNL014
023698-S,UNL014
024357-C,UNL014
024358-S,UNL014
0026823-S,UNL015
0026824-C,UNL015
25703,UNL015
25704,UNL015
024201-S,UNL015
024202-C,UNL015
0026753-S,UNL016
0026754-C,UNL016
25564,UNL016
25565,UNL016
023861-C,UNL016
023862-S,UNL016
0026545-S,UNL017
0026546-C,UNL017
25733,UNL017
25734,UNL017
023923-S,UNL017
023924-C,UNL017
0026371-C,UNL018
0026372-S,UNL018
25796,UNL018
25797,UNL018
024167-S,UNL018
024168-C,UNL018
0026755-S,UNL019
0026756-C,UNL019
26311,UNL019
26312,UNL019
023725-C,UNL019
023726-S,UNL019
024149-C,UNL019
024150-S,UNL019
0027179-S,UNL020
0027180-C,UNL020
26325,UNL020
26326,UNL020
023755-S,UNL020
023756-C,UNL020
0026741-S,UNL021
0026742-C,UNL021
25582,UNL021
25583,UNL021
023941-S,UNL021
023942-C,UNL021
024179-C,UNL021
024180-S,UNL021
0027112-C,UNL022
0027113-S,UNL022
25905,UNL022
25906,UNL022
023547-S,UNL022
023548-C,UNL022
024097-S,UNL022
024098-C,UNL022
0026894-S,UNL023
0026895-C,UNL023
26119,UNL023
26120,UNL023
023729-S,UNL023
023730-C,UNL023
024079-S,UNL023
024080-C,UNL023
0027167-S,UNL024
0027168-C,UNL024
26260,UNL024
26261,UNL024
023897-C,UNL024
023898-S,UNL024
024227-S,UNL024
024228-C,UNL024
0026718-C,UNL025
0026719-S,UNL025
25576,UNL025
25577,UNL025
024385-S,UNL025
024386-C,UNL025
0027175-C,UNL026
0027176-S,UNL026
25679,UNL026
25680,UNL026
023961-C,UNL026
023962-S,UNL026
024031-C,UNL026
024032-S,UNL026
0026519-S,UNL027
0026520-C,UNL027
0027120-S,UNL027
0027121-C,UNL027
25483,UNL027
25484,UNL027
26234,UNL027
26235,UNL027
023867-S,UNL027
023868-C,UNL027
024231-S,UNL027
024232-C,UNL027
0026775-S,UNL028
0026776-C,UNL028
25535,UNL028
25536,UNL028
023845-C,UNL028
023846-S,UNL028
024175-S,UNL028
024176-C,UNL028
0026987-S,UNL029
0026988-C,UNL029
25633,UNL029
25634,UNL029
024101-S,UNL029
024102-C,UNL029
0026803-C,UNL030
0026804-S,UNL030
26309,UNL030
26310,UNL030
023807-C,UNL030
023808-S,UNL030
024177-S,UNL030
024178-C,UNL030
0027049-S,UNL031
0027050-C,UNL031
25653,UNL031
25654,UNL031
023611-C,UNL031
023612-S,UNL031
0026795-C,UNL032
0026796-S,UNL032
26274,UNL032
26275,UNL032
023541-S,UNL032
023542-C,UNL032
024033-C,UNL032
024034-S,UNL032
0027108-S,UNL033
0027109-C,UNL033
25574,UNL033
25575,UNL033
023899-S,UNL033
023900-C,UNL033
0026716-C,UNL034
0026717-S,UNL034
26002,UNL034
26003,UNL034
024217-S,UNL034
024218-C,UNL034
0026607-S,UNL035
0026608-C,UNL035
26014,UNL035
26015,UNL035
024155-S,UNL035
024156-C,UNL035
0027181-C,UNL036
0027182-S,UNL036
26272,UNL036
26273,UNL036
023615-C,UNL036
023616-S,UNL036
024329-S,UNL036
024330-C,UNL036
0026906-C,UNL037
0026907-S,UNL037
26044,UNL037
26045,UNL037
023777-C,UNL037
023778-S,UNL037
024267-S,UNL037
024268-C,UNL037
0026945-S,UNL038
0026946-C,UNL038
25879,UNL038
25880,UNL038
023551-S,UNL038
023552-C,UNL038
0026837-C,UNL039
0026838-S,UNL039
25899,UNL039
25900,UNL039
023733-S,UNL039
023734-C,UNL039
0027169-C,UNL040
0027170-S,UNL040
25875,UNL040
25876,UNL040
023683-C,UNL040
023684-S,UNL040
024019-S,UNL040
024020-C,UNL040
0027189-S,UNL041
0027190-C,UNL041
26113,UNL041
26114,UNL041
023665-C,UNL041
023666-S,UNL041
024251-C,UNL041
024252-S,UNL041
0026561-C,UNL042
0026562-S,UNL042
25955,UNL042
25956,UNL042
023853-C,UNL042
023854-S,UNL042
024187-C,UNL042
024188-S,UNL042
0026387-C,UNL043
0026388-S,UNL043
26010,UNL043
26011,UNL043
024225-S,UNL043
024226-C,UNL043
0027219-C,UNL044
0027220-S,UNL044
25919,UNL044
25920,UNL044
023653-S,UNL044
023654-C,UNL044
0027102-S,UNL045
0027103-C,UNL045
25729,UNL045
25730,UNL045
024147-C,UNL045
024148-S,UNL045
0026898-S,UNL046
0026899-C,UNL046
25651,UNL046
25652,UNL046
023575-S,UNL046
023576-C,UNL046
024373-C,UNL046
024374-S,UNL046
0027126-C,UNL047
0027127-S,UNL047
25973,UNL047
25974,UNL047
023781-C,UNL047
023782-S,UNL047
024157-S,UNL047
024158-C,UNL047
0026769-S,UNL048
0026770-C,UNL048
26226,UNL048
26227,UNL048
023553-S,UNL048
023554-C,UNL048
0026959-S,UNL049
0026960-C,UNL049
25981,UNL049
25982,UNL049
023925-C,UNL049
023926-S,UNL049
024131-S,UNL049
024132-C,UNL049
0026729-S,UNL050
0026730-C,UNL050
25945,UNL050
25946,UNL050
023791-S,UNL050
023792-C,UNL050
0027043-C,UNL051
0027044-S,UNL051
26081,UNL051
26082,UNL051
023963-S,UNL051
023964-C,UNL051
0026498-C,UNL052
0026499-S,UNL052
26297,UNL052
26298,UNL052
024307-S,UNL052
024308-C,UNL052
0026595-C,UNL053
0026596-S,UNL053
25529,UNL053
25530,UNL053
023907-C,UNL053
023908-S,UNL053
0027098-S,UNL054
0027099-C,UNL054
26032,UNL054
26033,UNL054
023993-S,UNL054
023994-C,UNL054
0026965-C,UNL055
0026966-S,UNL055
26313,UNL055
26314,UNL055
024325-S,UNL055
024326-C,UNL055
0026515-S,UNL056
0026516-C,UNL056
25971,UNL056
25972,UNL056
023871-S,UNL056
023872-C,UNL056
0026421-S,UNL057
0026422-C,UNL057
25556,UNL057
25557,UNL057
023833-S,UNL057
023834-C,UNL057
024007-S,UNL057
024008-C,UNL057
0026531-S,UNL058
0026532-C,UNL058
26210,UNL058
26211,UNL058
023657-S,UNL058
023658-C,UNL058
024183-S,UNL058
024184-C,UNL058
0026637-S,UNL059
0026638-C,UNL059
25804,UNL059
25805,UNL059
023747-C,UNL059
023748-S,UNL059
0026456-C,UNL060
0026457-S,UNL060
26020,UNL060
26021,UNL060
023911-S,UNL060
023912-C,UNL060
0026432-S,UNL061
0026433-C,UNL061
25677,UNL061
25678,UNL061
023641-C,UNL061
023642-S,UNL061
0026995-C,UNL063
0026996-S,UNL063
25721,UNL063
25722,UNL063
023773-C,UNL063
023774-S,UNL063
024069-S,UNL063
024070-C,UNL063
0026631-S,UNL064
0026632-C,UNL064
25737,UNL064
25738,UNL064
023655-S,UNL064
023656-C,UNL064
024331-S,UNL064
024332-C,UNL064
0026831-C,UNL065
0026832-S,UNL065
25853,UNL065
25854,UNL065
024095-C,UNL065
024096-S,UNL065
0026983-C,UNL066
0026984-S,UNL066
26283,UNL066
26284,UNL066
023751-S,UNL066
023752-C,UNL066
0026660-S,UNL067
0026661-C,UNL067
25497,UNL067
25498,UNL067
023767-S,UNL067
023768-C,UNL067
0026765-S,UNL068
0026766-C,UNL068
26193,UNL068
26194,UNL068
023953-S,UNL068
023954-C,UNL068
0026672-C,UNL069
0026673-S,UNL069
25635,UNL069
25636,UNL069
023939-C,UNL069
023940-S,UNL069
024305-S,UNL069
024306-C,UNL069
0026888-C,UNL070
0026889-S,UNL070
26216,UNL070
26217,UNL070
023581-C,UNL070
023582-S,UNL070
024133-S,UNL070
024134-C,UNL070
0027023-S,UNL071
0027024-C,UNL071
26181,UNL071
26182,UNL071
023573-C,UNL071
023574-S,UNL071
0026438-S,UNL072
0026439-C,UNL072
26238,UNL072
26239,UNL072
023727-S,UNL072
023728-C,UNL072
0027154-S,UNL073
0027155-C,UNL073
25602,UNL073
25603,UNL073
023623-C,UNL073
023624-S,UNL073
024265-S,UNL073
024266-C,UNL073
0026801-S,UNL074
0026802-C,UNL074
25491,UNL074
25492,UNL074
023595-C,UNL074
023596-S,UNL074
024323-S,UNL074
024324-C,UNL074
0026399-S,UNL075
0026400-C,UNL075
25951,UNL075
25952,UNL075
024197-S,UNL075
024198-C,UNL075
0026537-S,UNL076
0026538-C,UNL076
25719,UNL076
25720,UNL076
023583-S,UNL076
023584-C,UNL076
023973-S,UNL076
023974-C,UNL076
0027152-S,UNL077
0027153-C,UNL077
26301,UNL077
26302,UNL077
024013-C,UNL077
024014-S,UNL077
0027096-C,UNL078
0027097-S,UNL078
25594,UNL078
25595,UNL078
023749-C,UNL078
023750-S,UNL078
0027084-S,UNL079
0027085-C,UNL079
25794,UNL079
25795,UNL079
024289-C,UNL079
024290-S,UNL079
0026872-S,UNL080
0026873-C,UNL080
25838,UNL080
25839,UNL080
023703-S,UNL080
023704-C,UNL080
0026454-S,UNL081
0026455-C,UNL081
26327,UNL081
26328,UNL081
023783-C,UNL081
023784-S,UNL081
0026815-S,UNL082
0026816-C,UNL082
25503,UNL082
25504,UNL082
023617-S,UNL082
023618-C,UNL082
0027039-S,UNL083
0027040-C,UNL083
26024,UNL083
26025,UNL083
023637-S,UNL083
023638-C,UNL083
0026391-S,UNL084
0026392-C,UNL084
26189,UNL084
26190,UNL084
023569-C,UNL084
023570-S,UNL084
024363-S,UNL084
024364-C,UNL084
0027134-C,UNL085
0027135-S,UNL085
25629,UNL085
25630,UNL085
023799-S,UNL085
023800-C,UNL085
024189-C,UNL085
024190-S,UNL085
0026989-S,UNL086
0026990-C,UNL086
25604,UNL086
25605,UNL086
024219-C,UNL086
024220-S,UNL086
0026712-S,UNL087
0026713-C,UNL087
25836,UNL087
25837,UNL087
023571-S,UNL087
023572-C,UNL087
024299-S,UNL087
024300-C,UNL087
0026361-S,UNL089
0026362-C,UNL089
25527,UNL089
25528,UNL089
023625-C,UNL089
023626-S,UNL089
023977-S,UNL089
023978-C,UNL089
0026763-S,UNL090
0026764-C,UNL090
25921,UNL090
25922,UNL090
023743-S,UNL090
023744-C,UNL090
024005-S,UNL090
024006-C,UNL090
0026379-C,UNL091
0026380-S,UNL091
25566,UNL091
25567,UNL091
024379-C,UNL091
024380-S,UNL091
0026373-C,UNL092
0026374-S,UNL092
25560,UNL092
25561,UNL092
023621-C,UNL092
023622-S,UNL092
024039-C,UNL092
024040-S,UNL092
0026686-S,UNL093
0026687-C,UNL093
25861,UNL093
25862,UNL093
024203-S,UNL093
024204-C,UNL093
0026957-C,UNL094
0026958-S,UNL094
25743,UNL094
25744,UNL094
023589-S,UNL094
023590-C,UNL094
024143-S,UNL094
024144-C,UNL094
0026773-S,UNL095
0026774-C,UNL095
25541,UNL095
25542,UNL095
023585-C,UNL095
023586-S,UNL095
024245-C,UNL095
024246-S,UNL095
0026615-S,UNL096
0026616-C,UNL096
26248,UNL096
26249,UNL096
023817-C,UNL096
023818-S,UNL096
024283-C,UNL096
024284-S,UNL096
0027092-S,UNL097
0027093-C,UNL097
25965,UNL097
25966,UNL097
023579-S,UNL097
023580-C,UNL097
0027157-S,UNL098
0027158-C,UNL098
25725,UNL098
25726,UNL098
024235-C,UNL098
024236-S,UNL098
0027104-S,UNL099
0027105-C,UNL099
26329,UNL099
26330,UNL099
024071-C,UNL099
024072-S,UNL099
0026704-S,UNL100
0026705-C,UNL100
25481,UNL100
25482,UNL100
024395-C,UNL100
024396-S,UNL100
0026849-S,UNL101
0026850-C,UNL101
26054,UNL101
26055,UNL101
023841-S,UNL101
023842-C,UNL101
024085-C,UNL101
024086-S,UNL101
0026639-S,UNL102
0026640-C,UNL102
25953,UNL102
25954,UNL102
024073-C,UNL102
024074-S,UNL102
0026793-C,UNL103
0026794-S,UNL103
26117,UNL103
26118,UNL103
024009-C,UNL103
024010-S,UNL103
0026523-S,UNL104
0026524-C,UNL104
25487,UNL104
25488,UNL104
024259-S,UNL104
024260-C,UNL104
0026650-C,UNL105
0026651-S,UNL105
26065,UNL105
26066,UNL105
024169-S,UNL105
024170-C,UNL105
0026807-S,UNL106
0026808-C,UNL106
26026,UNL106
26027,UNL106
024391-C,UNL106
024392-S,UNL106
0026843-S,UNL107
0026844-C,UNL107
26303,UNL107
26304,UNL107
023557-C,UNL107
023558-S,UNL107
024137-S,UNL107
024138-C,UNL107
0026401-S,UNL108
0026402-C,UNL108
25798,UNL108
25799,UNL108
023965-C,UNL108
023966-S,UNL108
024093-S,UNL108
024094-C,UNL108
0027116-S,UNL109
0027117-C,UNL109
26155,UNL109
26156,UNL109
024089-S,UNL109
024090-C,UNL109
0026425-C,UNL110
0026426-S,UNL110
25975,UNL110
25976,UNL110
023913-C,UNL110
023914-S,UNL110
0026480-S,UNL111
0026481-C,UNL111
26266,UNL111
26267,UNL111
023865-S,UNL111
023866-C,UNL111
024105-S,UNL111
024106-C,UNL111
0026652-C,UNL112
0026653-S,UNL112
25990,UNL112
25991,UNL112
024127-S,UNL112
024128-C,UNL112
0027059-S,UNL113
0027060-C,UNL113
26056,UNL113
26057,UNL113
023793-S,UNL113
023794-C,UNL113
024021-C,UNL113
024022-S,UNL113
0026658-S,UNL114
0026659-C,UNL114
25895,UNL114
25896,UNL114
024161-S,UNL114
024162-C,UNL114
0026496-C,UNL115
0026497-S,UNL115
25830,UNL115
25831,UNL115
023875-C,UNL115
023876-S,UNL115
024047-C,UNL115
024048-S,UNL115
0026943-S,UNL116
0026944-C,UNL116
26133,UNL116
26134,UNL116
023831-S,UNL116
023832-C,UNL116
0026916-C,UNL117
0026917-S,UNL117
25818,UNL117
25819,UNL117
023787-C,UNL117
023788-S,UNL117
0026460-S,UNL118
0026461-C,UNL118
26173,UNL118
26174,UNL118
024389-C,UNL118
024390-S,UNL118
0027124-S,UNL119
0027125-C,UNL119
26236,UNL119
26237,UNL119
024205-S,UNL119
024206-C,UNL119
0026417-C,UNL120
0026418-S,UNL120
26331,UNL120
26332,UNL120
023839-C,UNL120
023840-S,UNL120
024327-C,UNL120
024328-S,UNL120
0026735-S,UNL121
0026736-C,UNL121
25747,UNL121
25748,UNL121
023933-S,UNL121
023934-C,UNL121
024351-S,UNL121
024352-C,UNL121
0026922-C,UNL122
0026923-S,UNL122
25618,UNL122
25619,UNL122
024247-S,UNL122
024248-C,UNL122
0026409-C,UNL123
0026410-S,UNL123
25891,UNL123
25892,UNL123
023745-C,UNL123
023746-S,UNL123
0026466-C,UNL124
0026467-S,UNL124
25610,UNL124
25611,UNL124
024195-C,UNL124
024196-S,UNL124
0026444-C,UNL125
0026445-S,UNL125
25731,UNL125
25732,UNL125
023905-S,UNL125
023906-C,UNL125
0026436-C,UNL126
0026437-S,UNL126
26048,UNL126
26049,UNL126
023601-S,UNL126
023602-C,UNL126
0026643-S,UNL127
0026644-C,UNL127
26218,UNL127
26219,UNL127
023715-S,UNL127
023716-C,UNL127
024319-C,UNL127
024320-S,UNL127
0027063-S,UNL128
0027064-C,UNL128
26214,UNL128
26215,UNL128
024381-S,UNL128
024382-C,UNL128
0026949-C,UNL129
0026950-S,UNL129
26212,UNL129
26213,UNL129
023997-S,UNL129
023998-C,UNL129
0026680-C,UNL130
0026681-S,UNL130
25707,UNL130
25708,UNL130
024083-C,UNL130
024084-S,UNL130
0026706-C,UNL131
0026707-S,UNL131
25661,UNL131
25662,UNL131
023987-S,UNL131
023988-C,UNL131
0026367-S,UNL132
0026368-C,UNL132
25517,UNL132
25518,UNL132
024287-C,UNL132
024288-S,UNL132
0027088-S,UNL133
0027089-C,UNL133
26063,UNL133
26064,UNL133
023761-C,UNL133
023762-S,UNL133
024345-S,UNL133
024346-C,UNL133
0026767-S,UNL134
0026768-C,UNL134
26099,UNL134
26100,UNL134
024301-C,UNL134
024302-S,UNL134
0026440-S,UNL135
0026441-C,UNL135
25521,UNL135
25522,UNL135
023679-S,UNL135
023680-C,UNL135
0026553-C,UNL136
0026554-S,UNL136
25590,UNL136
25591,UNL136
023661-S,UNL136
023662-C,UNL136
0027122-S,UNL137
0027123-C,UNL137
25755,UNL137
25756,UNL137
024337-S,UNL137
024338-C,UNL137
0027185-C,UNL138
0027186-S,UNL138
26135,UNL138
26136,UNL138
023829-C,UNL138
023830-S,UNL138
024361-S,UNL138
024362-C,UNL138
0027191-C,UNL139
0027192-S,UNL139
25578,UNL139
25579,UNL139
023603-C,UNL139
023604-S,UNL139
0026470-C,UNL140
0026471-S,UNL140
25685,UNL140
25686,UNL140
023667-C,UNL140
023668-S,UNL140
024145-C,UNL140
024146-S,UNL140
0026700-S,UNL141
0026701-C,UNL141
26250,UNL141
26251,UNL141
023947-C,UNL141
023948-S,UNL141
0026855-C,UNL142
0026856-S,UNL142
25665,UNL142
25666,UNL142
25925,UNL142
25926,UNL142
024291-C,UNL142
024292-S,UNL142
0026442-S,UNL143
0026443-C,UNL143
25865,UNL143
25866,UNL143
024233-S,UNL143
024234-C,UNL143
0026419-C,UNL144
0026420-S,UNL144
25741,UNL144
25742,UNL144
023779-C,UNL144
023780-S,UNL144
0026629-S,UNL145
0026630-C,UNL145
25713,UNL145
25714,UNL145
26317,UNL145
26318,UNL145
024087-C,UNL145
024088-S,UNL145
0027223-S,UNL146
0027224-C,UNL146
25778,UNL146
25779,UNL146
024055-C,UNL146
024056-S,UNL146
0027081-S,UNL147
0027082-C,UNL147
25637,UNL147
25638,UNL147
023823-C,UNL147
023824-S,UNL147
0026533-C,UNL148
0026534-S,UNL148
25897,UNL148
25898,UNL148
26252,UNL148
26253,UNL148
024341-S,UNL148
024342-C,UNL148
0027211-C,UNL149
0027212-S,UNL149
25586,UNL149
25587,UNL149
26030,UNL149
26031,UNL149
024091-C,UNL149
024092-S,UNL149
0026430-C,UNL150
0026431-S,UNL150
25699,UNL150
25700,UNL150
26127,UNL150
26128,UNL150
024397-S,UNL150
024398-C,UNL150
0027132-S,UNL151
0027133-C,UNL151
25909,UNL151
25910,UNL151
26103,UNL151
26104,UNL151
023555-S,UNL151
023556-C,UNL151
0026955-S,UNL152
0026956-C,UNL152
25723,UNL152
25724,UNL152
26083,UNL152
26084,UNL152
023723-S,UNL152
023724-C,UNL152
0026809-S,UNL153
0026810-C,UNL153
25683,UNL153
25684,UNL153
26071,UNL153
26072,UNL153
023883-C,UNL153
023884-S,UNL153
0026857-C,UNL154
0026858-S,UNL154
25554,UNL154
25555,UNL154
26141,UNL154
26142,UNL154
023717-S,UNL154
023718-C,UNL154
0026617-C,UNL155
0026618-S,UNL155
26262,UNL155
26263,UNL155
023877-C,UNL155
023878-S,UNL155
0026609-C,UNL156
0026610-S,UNL156
25832,UNL156
25833,UNL156
023629-C,UNL156
023630-S,UNL156
0026674-C,UNL157
0026675-S,UNL157
25598,UNL157
25599,UNL157
26203,UNL157
26204,UNL157
023835-S,UNL157
023836-C,UNL157
0026527-S,UNL158
0026528-C,UNL158
25810,UNL158
25811,UNL158
023605-C,UNL158
023606-S,UNL158
0026559-C,UNL159
0026560-S,UNL159
25780,UNL159
25781,UNL159
26006,UNL159
26007,UNL159
023739-S,UNL159
023740-C,UNL159
0026993-C,UNL160
0026994-S,UNL160
25519,UNL160
25520,UNL160
26036,UNL160
26037,UNL160
023707-C,UNL160
023708-S,UNL160
0027136-S,UNL161
0027137-C,UNL161
25739,UNL161
25740,UNL161
26038,UNL161
26039,UNL161
023931-C,UNL161
023932-S,UNL161
0027171-S,UNL162
0027172-C,UNL162
25867,UNL162
25868,UNL162
023763-C,UNL162
023764-S,UNL162
0026383-C,UNL163
0026384-S,UNL163
25826,UNL163
25827,UNL163
26258,UNL163
26259,UNL163
023837-S,UNL163
023838-C,UNL163
0027079-C,UNL164
0027080-S,UNL164
25701,UNL164
25702,UNL164
25963,UNL164
25964,UNL164
023859-C,UNL164
023860-S,UNL164
0026359-S,UNL165
0026360-C,UNL165
25772,UNL165
25773,UNL165
26179,UNL165
26180,UNL165
023713-S,UNL165
023714-C,UNL165
0027173-S,UNL166
0027174-C,UNL166
25545,UNL166
25546,UNL166
024003-C,UNL166
024004-S,UNL166
0026829-C,UNL167
0026830-S,UNL167
26343,UNL167
26344,UNL167
024221-S,UNL167
024222-C,UNL167
0026985-C,UNL168
0026986-S,UNL168
25877,UNL168
25878,UNL168
26230,UNL168
26231,UNL168
023669-S,UNL168
023670-C,UNL168
0027013-C,UNL169
0027014-S,UNL169
25816,UNL169
25817,UNL169
26185,UNL169
26186,UNL169
024365-C,UNL169
024366-S,UNL169
0026397-S,UNL171
0026398-C,UNL171
26145,UNL171
26146,UNL171
023687-S,UNL171
023688-C,UNL171
0026886-C,UNL172
0026887-S,UNL172
26201,UNL172
26202,UNL172
023627-S,UNL172
023628-C,UNL172
0027100-C,UNL173
0027101-S,UNL173
26167,UNL173
26168,UNL173
024173-C,UNL173
024174-S,UNL173
0027163-C,UNL174
0027164-S,UNL174
25855,UNL174
25856,UNL174
023881-S,UNL174
023882-C,UNL174
0026389-S,UNL175
0026390-C,UNL175
25631,UNL175
25632,UNL175
024255-S,UNL175
024256-C,UNL175
0027203-C,UNL176
0027204-S,UNL176
25759,UNL176
25760,UNL176
024171-S,UNL176
024172-C,UNL176
0026468-C,UNL177
0026469-S,UNL177
25620,UNL177
25621,UNL177
26315,UNL177
26316,UNL177
023685-C,UNL177
023686-S,UNL177
0026975-S,UNL178
0026976-C,UNL178
26089,UNL178
26090,UNL178
024165-S,UNL178
024166-C,UNL178
0026825-S,UNL179
0026826-C,UNL179
26220,UNL179
26221,UNL179
023917-C,UNL179
023918-S,UNL179
0027213-S,UNL180
0027214-C,UNL180
25770,UNL180
25771,UNL180
024311-C,UNL180
024312-S,UNL180
0027051-C,UNL181
0027052-S,UNL181
25499,UNL181
25500,UNL181
25967,UNL181
25968,UNL181
024193-C,UNL181
024194-S,UNL181
0026827-C,UNL182
0026828-S,UNL182
25727,UNL182
25728,UNL182
024029-S,UNL182
024030-C,UNL182
0026953-C,UNL183
0026954-S,UNL183
25596,UNL183
25597,UNL183
25985,UNL183
25986,UNL183
024359-C,UNL183
024360-S,UNL183
0026627-C,UNL184
0026628-S,UNL184
25675,UNL184
25676,UNL184
023765-S,UNL184
023766-C,UNL184
0027067-S,UNL185
0027068-C,UNL185
25697,UNL185
25698,UNL185
024269-S,UNL185
024270-C,UNL185
0026513-S,UNL186
0026514-C,UNL186
25671,UNL186
25672,UNL186
26187,UNL186
26188,UNL186
023543-C,UNL186
023544-S,UNL186
0026892-C,UNL188
0026893-S,UNL188
25927,UNL188
25928,UNL188
024241-C,UNL188
024242-S,UNL188
0027035-S,UNL189
0027036-C,UNL189
25992,UNL189
25993,UNL189
023949-S,UNL189
023950-C,UNL189
0026492-S,UNL190
0026493-C,UNL190
26169,UNL190
26170,UNL190
023983-C,UNL190
023984-S,UNL190
0027183-S,UNL191
0027184-C,UNL191
25531,UNL191
25532,UNL191
023701-C,UNL191
023702-S,UNL191
0026511-C,UNL192
0026512-S,UNL192
25614,UNL192
25615,UNL192
26131,UNL192
26132,UNL192
024125-C,UNL192
024126-S,UNL192
0026357-S,UNL193
0026358-C,UNL193
25851,UNL193
25852,UNL193
023677-C,UNL193
023678-S,UNL193
0026789-C,UNL194
0026790-S,UNL194
25903,UNL194
25904,UNL194
26018,UNL194
26019,UNL194
024119-C,UNL194
024120-S,UNL194
0026797-S,UNL195
0026798-C,UNL195
26147,UNL195
26148,UNL195
023567-S,UNL195
023568-C,UNL195
0026682-C,UNL196
0026683-S,UNL196
26157,UNL196
26158,UNL196
024237-S,UNL196
024238-C,UNL196
0026926-S,UNL197
0026927-C,UNL197
26349,UNL197
26350,UNL197
023539-C,UNL197
023540-S,UNL197
0027009-C,UNL198
0027010-S,UNL198
25763,UNL198
25764,UNL198
26191,UNL198
26192,UNL198
023813-C,UNL198
023814-S,UNL198
0026932-S,UNL199
0026933-C,UNL199
25949,UNL199
25950,UNL199
023975-S,UNL199
023976-C,UNL199
0026939-S,UNL200
0026940-C,UNL200
26161,UNL200
26162,UNL200
024215-S,UNL200
024216-C,UNL200
0026710-S,UNL201
0026711-C,UNL201
26341,UNL201
26342,UNL201
024229-C,UNL201
024230-S,UNL201
0026507-S,UNL202
0026508-C,UNL202
26270,UNL202
26271,UNL202
023613-C,UNL202
023614-S,UNL202
0026611-S,UNL203
0026612-C,UNL203
26008,UNL203
26009,UNL203
024023-S,UNL203
024024-C,UNL203
0026902-C,UNL204
0026903-S,UNL204
25485,UNL204
25486,UNL204
023639-C,UNL204
023640-S,UNL204
0026977-C,UNL205
0026978-S,UNL205
25840,UNL205
25841,UNL205
023671-S,UNL205
023672-C,UNL205
0027193-C,UNL206
0027194-S,UNL206
26197,UNL206
26198,UNL206
023969-S,UNL206
023970-C,UNL206
0027073-C,UNL207
0027074-S,UNL207
25939,UNL207
25940,UNL207
023929-S,UNL207
023930-C,UNL207
0027086-C,UNL208
0027087-S,UNL208
25822,UNL208
25823,UNL208
024001-S,UNL208
024002-C,UNL208
0026415-S,UNL209
0026416-C,UNL209
25647,UNL209
25648,UNL209
024321-C,UNL209
024322-S,UNL209
0026621-C,UNL210
0026622-S,UNL210
25568,UNL210
25569,UNL210
26151,UNL210
26152,UNL210
023559-C,UNL210
023560-S,UNL210
0027118-S,UNL211
0027119-C,UNL211
25693,UNL211
25694,UNL211
023721-S,UNL211
023722-C,UNL211
0027106-C,UNL212
0027107-S,UNL212
25705,UNL212
25706,UNL212
26149,UNL212
26150,UNL212
024263-C,UNL212
024264-S,UNL212
0026434-C,UNL214
0026435-S,UNL214
25537,UNL214
25538,UNL214
26291,UNL214
26292,UNL214
023967-C,UNL214
023968-S,UNL214
0027225-S,UNL215
0027226-C,UNL215
26121,UNL215
26122,UNL215
023711-S,UNL215
023712-C,UNL215
0026601-C,UNL217
0026602-S,UNL217
25757,UNL217
25758,UNL217
26293,UNL217
26294,UNL217
023675-C,UNL217
023676-S,UNL217
0026666-S,UNL218
0026667-C,UNL218
26268,UNL218
26269,UNL218
023709-C,UNL218
023710-S,UNL218
0027075-S,UNL219
0027076-C,UNL219
25709,UNL219
25710,UNL219
26079,UNL219
26080,UNL219
023645-C,UNL219
023646-S,UNL219
0027003-S,UNL220
0027004-C,UNL220
25915,UNL220
25916,UNL220
024383-S,UNL220
024384-C,UNL220
0026999-C,UNL221
0027000-S,UNL221
25893,UNL221
25894,UNL221
023891-C,UNL221
023892-S,UNL221
0027069-C,UNL222
0027070-S,UNL222
25493,UNL222
25494,UNL222
023599-C,UNL222
023600-S,UNL222
0026403-C,UNL223
0026404-S,UNL223
25869,UNL223
25870,UNL223
26345,UNL223
26346,UNL223
023843-S,UNL223
023844-C,UNL223
0026569-C,UNL224
0026570-S,UNL224
25806,UNL224
25807,UNL224
25994,UNL224
25995,UNL224
024387-C,UNL224
024388-S,UNL224
0026525-S,UNL225
0026526-C,UNL225
26337,UNL225
26338,UNL225
023919-C,UNL225
023920-S,UNL225
0026870-C,UNL226
0026871-S,UNL226
25881,UNL226
25882,UNL226
023957-C,UNL226
023958-S,UNL226
0026581-C,UNL227
0026582-S,UNL227
25495,UNL227
25496,UNL227
024141-S,UNL227
024142-C,UNL227
0026791-C,UNL228
0026792-S,UNL228
26000,UNL228
26001,UNL228
024343-S,UNL228
024344-C,UNL228
0026452-C,UNL229
0026453-S,UNL229
25802,UNL229
25803,UNL229
024181-S,UNL229
024182-C,UNL229
0026721-C,UNL230
0026722-S,UNL230
25572,UNL230
25573,UNL230
26240,UNL230
26241,UNL230
023771-C,UNL230
023772-S,UNL230
0026369-S,UNL231
0026370-C,UNL231
26093,UNL231
26094,UNL231
023979-S,UNL231
023980-C,UNL231
0026745-C,UNL232
0026746-S,UNL232
25717,UNL232
25718,UNL232
023873-C,UNL232
023874-S,UNL232
0026591-C,UNL234
0026592-S,UNL234
25515,UNL234
25516,UNL234
023955-S,UNL234
023956-C,UNL234
0026635-S,UNL235
0026636-C,UNL235
25745,UNL235
25746,UNL235
023811-S,UNL235
023812-C,UNL235
0026725-C,UNL236
0026726-S,UNL236
26069,UNL236
26070,UNL236
024355-S,UNL236
024356-C,UNL236
0026505-S,UNL237
0026506-C,UNL237
25669,UNL237
25670,UNL237
023819-C,UNL237
023820-S,UNL237
0027037-C,UNL238
0027038-S,UNL238
25667,UNL238
25668,UNL238
024109-S,UNL238
024110-C,UNL238
0026539-C,UNL239
0026540-S,UNL239
25871,UNL239
25872,UNL239
024371-C,UNL239
024372-S,UNL239
0026543-S,UNL240
0026544-C,UNL240
25511,UNL240
25512,UNL240
26242,UNL240
26243,UNL240
024249-C,UNL240
024250-S,UNL240
0026934-S,UNL241
0026935-C,UNL241
26109,UNL241
26110,UNL241
023937-C,UNL241
023938-S,UNL241
0026363-S,UNL242
0026364-C,UNL242
25558,UNL242
25559,UNL242
024049-S,UNL242
024050-C,UNL242
0026619-S,UNL243
0026620-C,UNL243
25501,UNL243
25502,UNL243
26077,UNL243
26078,UNL243
023943-C,UNL243
023944-S,UNL243
0026890-S,UNL244
0026891-C,UNL244
25711,UNL244
25712,UNL244
25941,UNL244
25942,UNL244
024271-C,UNL244
024272-S,UNL244
0027077-S,UNL246
0027078-C,UNL246
25608,UNL246
25609,UNL246
024293-S,UNL246
024294-C,UNL246
0026690-S,UNL247
0026691-C,UNL247
25588,UNL247
25589,UNL247
26085,UNL247
26086,UNL247
023999-S,UNL247
024000-C,UNL247
0026821-C,UNL248
0026822-S,UNL248
25913,UNL248
25914,UNL248
26050,UNL248
26051,UNL248
024303-S,UNL248
024304-C,UNL248
0026969-S,UNL249
0026970-C,UNL249
25784,UNL249
25785,UNL249
023921-S,UNL249
023922-C,UNL249
0026517-S,UNL250
0026518-C,UNL250
25479,UNL250
25480,UNL250
26195,UNL250
26196,UNL250
024027-C,UNL250
024028-S,UNL250
0027007-C,UNL251
0027008-S,UNL251
25691,UNL251
25692,UNL251
25988,UNL251
25989,UNL251
023695-C,UNL251
023696-S,UNL251
0026880-S,UNL252
0026881-C,UNL252
25885,UNL252
25886,UNL252
26183,UNL252
26184,UNL252
023815-C,UNL252
023816-S,UNL252
0026500-C,UNL253
0026501-S,UNL253
26091,UNL253
26092,UNL253
023593-S,UNL253
023594-C,UNL253
0026688-C,UNL254
0026689-S,UNL254
25549,UNL254
25550,UNL254
024369-C,UNL254
024370-S,UNL254
0026571-C,UNL255
0026572-S,UNL255
26061,UNL255
26062,UNL255
024115-C,UNL255
024116-S,UNL255
0026835-S,UNL256
0026836-C,UNL256
26281,UNL256
26282,UNL256
023821-C,UNL256
023822-S,UNL256
0026698-S,UNL257
0026699-C,UNL257
25687,UNL257
25688,UNL257
25933,UNL257
25934,UNL257
024129-C,UNL257
024130-S,UNL257
0027055-C,UNL258
0027056-S,UNL258
25562,UNL258
25563,UNL258
25931,UNL258
25932,UNL258
024057-C,UNL258
024058-S,UNL258
0026549-S,UNL259
0026550-C,UNL259
26335,UNL259
26336,UNL259
023651-C,UNL259
023652-S,UNL259
0026565-S,UNL260
0026566-C,UNL260
25639,UNL260
25640,UNL260
26246,UNL260
26247,UNL260
023991-S,UNL260
023992-C,UNL260
0027146-S,UNL261
0027147-C,UNL261
25969,UNL261
25970,UNL261
023549-C,UNL261
023550-S,UNL261
0026941-C,UNL262
0026942-S,UNL262
25552,UNL262
25553,UNL262
25977,UNL262
25978,UNL262
024207-S,UNL262
024208-C,UNL262
0027025-S,UNL263
0027026-C,UNL263
25533,UNL263
25534,UNL263
024067-S,UNL263
024068-C,UNL263
0026664-S,UNL264
0026665-C,UNL264
25616,UNL264
25617,UNL264
26097,UNL264
26098,UNL264
024309-C,UNL264
024310-S,UNL264
0026845-S,UNL265
0026846-C,UNL265
25489,UNL265
25490,UNL265
26163,UNL265
26164,UNL265
023895-S,UNL265
023896-C,UNL265
0026662-S,UNL266
0026663-C,UNL266
25845,UNL266
25846,UNL266
26285,UNL266
26286,UNL266
023643-C,UNL266
023644-S,UNL266
0026833-S,UNL267
0026834-C,UNL267
25580,UNL267
25581,UNL267
024349-C,UNL267
024350-S,UNL267
0027090-C,UNL268
0027091-S,UNL268
26046,UNL268
26047,UNL268
023855-S,UNL268
023856-C,UNL268
0026961-S,UNL269
0026962-C,UNL269
25612,UNL269
25613,UNL269
26299,UNL269
26300,UNL269
024275-C,UNL269
024276-S,UNL269
0026509-S,UNL270
0026510-C,UNL270
0026991-C,UNL270
0026992-S,UNL270
26115,UNL270
26116,UNL270
024059-S,UNL270
024060-C,UNL270
0026783-C,UNL271
0026784-S,UNL271
25689,UNL271
25690,UNL271
024199-C,UNL271
024200-S,UNL271
0026694-C,UNL272
0026695-S,UNL272
25947,UNL272
25948,UNL272
023935-C,UNL272
023936-S,UNL272
0026535-S,UNL273
0026536-C,UNL273
25584,UNL273
25585,UNL273
023803-C,UNL273
023804-S,UNL273
0026868-C,UNL275
0026869-S,UNL275
25509,UNL275
25510,UNL275
023869-S,UNL275
023870-C,UNL275
0026739-C,UNL276
0026740-S,UNL276
0027005-C,UNL276
0027006-S,UNL276
26289,UNL276
26290,UNL276
023635-C,UNL276
023636-S,UNL276
0026876-C,UNL277
0026877-S,UNL277
26159,UNL277
26160,UNL277
023607-S,UNL277
023608-C,UNL277
0026589-S,UNL278
0026590-C,UNL278
26137,UNL278
26138,UNL278
024117-S,UNL278
024118-C,UNL278
0026777-S,UNL279
0026778-C,UNL279
26319,UNL279
26320,UNL279
023537-C,UNL279
023538-S,UNL279
0026670-S,UNL280
0026671-C,UNL280
25539,UNL280
25540,UNL280
023789-S,UNL280
023790-C,UNL280
0026811-S,UNL281
0026812-C,UNL281
25695,UNL281
25696,UNL281
023805-C,UNL281
023806-S,UNL281
0026971-S,UNL282
0026972-C,UNL282
25547,UNL282
25548,UNL282
024273-S,UNL282
024274-C,UNL282
0026981-C,UNL283
0026982-S,UNL283
26254,UNL283
26255,UNL283
023741-C,UNL283
023742-S,UNL283
0026951-C,UNL284
0026952-S,UNL284
25883,UNL284
25884,UNL284
023945-C,UNL284
023946-S,UNL284
0026593-S,UNL285
0026594-C,UNL285
0027021-C,UNL285
0027022-S,UNL285
25681,UNL285
25682,UNL285
023565-C,UNL285
023566-S,UNL285
0026476-C,UNL286
0026477-S,UNL286
0026896-C,UNL286
0026897-S,UNL286
25505,UNL286
25506,UNL286
024113-C,UNL286
024114-S,UNL286
0026623-C,UNL287
0026624-S,UNL287
0027144-S,UNL287
0027145-C,UNL287
25847,UNL287
25848,UNL287
024011-C,UNL287
024012-S,UNL287
0026656-C,UNL289
0026657-S,UNL289
0027207-C,UNL289
0027208-S,UNL289
25917,UNL289
25918,UNL289
024295-S,UNL289
024296-C,UNL289
0026781-S,UNL290
0026782-C,UNL290
0027161-C,UNL290
0027162-S,UNL290
25782,UNL290
25783,UNL290
024393-C,UNL290
024394-S,UNL290
0026678-S,UNL291
0026679-C,UNL291
0026799-S,UNL291
0026800-C,UNL291
25751,UNL291
25752,UNL291
023731-C,UNL291
023732-S,UNL291
0026393-S,UNL292
0026394-C,UNL292
25929,UNL292
25930,UNL292
023561-C,UNL292
023562-S,UNL292
0026702-S,UNL293
0026703-C,UNL293
0027227-S,UNL293
0027228-C,UNL293
26295,UNL293
26296,UNL293
023915-C,UNL293
023916-S,UNL293
0027165-C,UNL294
0027166-S,UNL294
25961,UNL294
25962,UNL294
023619-S,UNL294
023620-C,UNL294
0026472-C,UNL295
0026473-S,UNL295
26105,UNL295
26106,UNL295
023879-S,UNL295
023880-C,UNL295
0026381-C,UNL297
0026382-S,UNL297
26139,UNL297
26140,UNL297
024139-C,UNL297
024140-S,UNL297
0026882-C,UNL298
0026883-S,UNL298
25767,UNL298
25768,UNL298
023705-S,UNL298
023706-C,UNL298
0026405-S,UNL299
0026406-C,UNL299
0027017-S,UNL299
0027018-C,UNL299
26040,UNL299
26041,UNL299
023535-S,UNL299
023536-C,UNL299
0026585-C,UNL300
0026586-S,UNL300
0026851-C,UNL300
0026852-S,UNL300
25800,UNL300
25801,UNL300
023849-C,UNL300
023850-S,UNL300
0026731-C,UNL301
0026732-S,UNL301
0026936-C,UNL301
0026937-S,UNL301
26321,UNL301
26322,UNL301
023909-C,UNL301
023910-S,UNL301
0026787-S,UNL302
0026788-C,UNL302
0026884-C,UNL302
0026885-S,UNL302
25543,UNL302
25544,UNL302
024063-S,UNL302
024064-C,UNL302
0027027-S,UNL303
0027028-C,UNL303
25901,UNL303
25902,UNL303
024035-S,UNL303
024036-C,UNL303
0026819-C,UNL304
0026820-S,UNL304
25843,UNL304
25844,UNL304
024367-C,UNL304
024368-S,UNL304
0026427-S,UNL305
0026428-C,UNL305
26339,UNL305
26340,UNL305
024375-C,UNL305
024376-S,UNL305
0026478-C,UNL307
0026479-S,UNL307
0026866-S,UNL307
0026867-C,UNL307
25814,UNL307
25815,UNL307
024017-C,UNL307
024018-S,UNL307
0026654-C,UNL308
0026655-S,UNL308
25788,UNL308
25789,UNL308
023959-S,UNL308
023960-C,UNL308
0027011-S,UNL309
0027012-C,UNL309
26307,UNL309
26308,UNL309
024121-C,UNL309
024122-S,UNL309
0026861-C,UNL310
0026862-S,UNL310
26123,UNL310
26124,UNL310
023673-S,UNL310
023674-C,UNL310
0026575-C,UNL311
0026576-S,UNL311
25673,UNL311
25674,UNL311
024065-S,UNL311
024066-C,UNL311
0026599-S,UNL312
0026600-C,UNL312
25979,UNL312
25980,UNL312
023681-C,UNL312
023682-S,UNL312
0026696-S,UNL313
0026697-C,UNL313
0026963-S,UNL313
0026964-C,UNL313
26012,UNL313
26013,UNL313
024037-S,UNL313
024038-C,UNL313
0026503-S,UNL314
0026504-C,UNL314
0026863-S,UNL314
0026864-C,UNL314
25943,UNL314
25944,UNL314
024107-C,UNL314
024108-S,UNL314
0027215-S,UNL316
0027216-C,UNL316
25523,UNL316
25524,UNL316
023693-C,UNL316
023694-S,UNL316
0026551-C,UNL317
0026552-S,UNL317
25625,UNL317
25626,UNL317
024041-S,UNL317
024042-C,UNL317
0026759-S,UNL318
0026760-C,UNL318
0027061-S,UNL318
0027062-C,UNL318
25824,UNL318
25825,UNL318
023901-C,UNL318
023902-S,UNL318
0026918-S,UNL319
0026919-C,UNL319
25753,UNL319
25754,UNL319
023847-S,UNL319
023848-C,UNL319
0026878-C,UNL320
0026879-S,UNL320
26256,UNL320
26257,UNL320
024159-S,UNL320
024160-C,UNL320
0026458-S,UNL321
0026459-C,UNL321
0026973-S,UNL321
0026974-C,UNL321
26323,UNL321
26324,UNL321
023985-C,UNL321
023986-S,UNL321
0026547-C,UNL322
0026548-S,UNL322
0026924-S,UNL322
0026925-C,UNL322
26004,UNL322
26005,UNL322
024333-C,UNL322
024334-S,UNL322
0026859-C,UNL323
0026860-S,UNL323
26208,UNL323
26209,UNL323
024297-C,UNL323
024298-S,UNL323
0026563-C,UNL324
0026564-S,UNL324
25600,UNL324
25601,UNL324
023759-C,UNL324
023760-S,UNL324
0027187-C,UNL325
0027188-S,UNL325
25808,UNL325
25809,UNL325
024163-C,UNL325
024164-S,UNL325
0027031-C,UNL326
0027032-S,UNL326
26095,UNL326
26096,UNL326
023887-C,UNL326
023888-S,UNL326
0026645-S,UNL327
0026646-C,UNL327
25857,UNL327
25858,UNL327
024277-C,UNL327
024278-S,UNL327
0026714-C,UNL328
0026715-S,UNL328
0026908-S,UNL328
0026909-C,UNL328
25592,UNL328
25593,UNL328
023825-S,UNL328
023826-C,UNL328
0026737-C,UNL329
0026738-S,UNL329
0026997-S,UNL329
0026998-C,UNL329
25776,UNL329
25777,UNL329
023801-S,UNL329
023802-C,UNL329
0026488-S,UNL330
0026489-C,UNL330
0026805-S,UNL330
0026806-C,UNL330
26153,UNL330
26154,UNL330
023893-S,UNL330
023894-C,UNL330
0026411-C,UNL331
0026412-S,UNL331
0027041-S,UNL331
0027042-C,UNL331
26305,UNL331
26306,UNL331
023735-S,UNL331
023736-C,UNL331
0026676-S,UNL332
0026677-C,UNL332
0027015-S,UNL332
0027016-C,UNL332
25812,UNL332
25813,UNL332
024239-C,UNL332
024240-S,UNL332
0027217-S,UNL333
0027218-C,UNL333
26287,UNL333
26288,UNL333
024099-C,UNL333
024100-S,UNL333
0026583-S,UNL334
0026584-C,UNL334
25907,UNL334
25908,UNL334
023591-S,UNL334
023592-C,UNL334
0026462-S,UNL335
0026463-C,UNL335
26067,UNL335
26068,UNL335
024223-C,UNL335
024224-S,UNL335
0027001-S,UNL337
0027002-C,UNL337
25627,UNL337
25628,UNL337
024347-C,UNL337
024348-S,UNL337
0026904-S,UNL338
0026905-C,UNL338
26228,UNL338
26229,UNL338
024077-C,UNL338
024078-S,UNL338
0026920-C,UNL339
0026921-S,UNL339
26125,UNL339
26126,UNL339
024025-C,UNL339
024026-S,UNL339
0027140-C,UNL340
0027141-S,UNL340
26075,UNL340
26076,UNL340
024043-S,UNL340
024044-C,UNL340
0026613-C,UNL341
0026614-S,UNL341
25622,UNL341
25623,UNL341
024015-C,UNL341
024016-S,UNL341
0027148-S,UNL342
0027149-C,UNL342
26073,UNL342
26074,UNL342
024257-C,UNL342
024258-S,UNL342
0026785-C,UNL343
0026786-S,UNL343
26177,UNL343
26178,UNL343
024279-C,UNL343
024280-S,UNL343
0026482-S,UNL344
0026483-C,UNL344
0027177-S,UNL344
0027178-C,UNL344
25649,UNL344
25650,UNL344
024123-C,UNL344
024124-S,UNL344
0026490-S,UNL345
0026491-C,UNL345
25873,UNL345
25874,UNL345
023951-S,UNL345
023952-C,UNL345
0026579-S,UNL346
0026580-C,UNL346
26143,UNL346
26144,UNL346
024377-C,UNL346
024378-S,UNL346
0026668-C,UNL347
0026669-S,UNL347
0027057-S,UNL347
0027058-C,UNL347
25820,UNL347
25821,UNL347
023663-S,UNL347
023664-C,UNL347
0026692-C,UNL348
0026693-S,UNL348
0027138-C,UNL348
0027139-S,UNL348
26034,UNL348
26035,UNL348
024061-S,UNL348
024062-C,UNL348
0026930-C,UNL349
0026931-S,UNL349
25657,UNL349
25658,UNL349
024185-S,UNL349
024186-C,UNL349
0026633-S,UNL350
0026634-C,UNL350
26058,UNL350
26059,UNL350
023889-S,UNL350
023890-C,UNL350
0026448-S,UNL351
0026449-C,UNL351
0027199-C,UNL351
0027200-S,UNL351
25849,UNL351
25850,UNL351
024285-C,UNL351
024286-S,UNL351
0026577-S,UNL352
0026578-C,UNL352
0026817-C,UNL352
0026818-S,UNL352
25828,UNL352
25829,UNL352
024213-S,UNL352
024214-C,UNL352
0026587-C,UNL353
0026588-S,UNL353
0026979-S,UNL353
0026980-C,UNL353
26107,UNL353
26108,UNL353
023647-S,UNL353
023648-C,UNL353
0026450-C,UNL354
0026451-S,UNL354
0026900-C,UNL354
0026901-S,UNL354
25570,UNL354
25571,UNL354
024053-S,UNL354
024054-C,UNL354
0027221-S,UNL355
0027222-C,UNL355
26232,UNL355
26233,UNL355
023775-C,UNL355
023776-S,UNL355
0026723-S,UNL356
0026724-C,UNL356
25996,UNL356
25997,UNL356
024051-S,UNL356
024052-C,UNL356
0027045-S,UNL357
0027046-C,UNL357
25935,UNL357
25936,UNL357
024081-C,UNL357
024082-S,UNL357
0026648-C,UNL358
0026649-S,UNL358
0026947-C,UNL358
0026948-S,UNL358
26165,UNL358
26166,UNL358
024103-S,UNL358
024104-C,UNL358
0026484-C,UNL359
0026485-S,UNL359
0026853-C,UNL359
0026854-S,UNL359
25765,UNL359
25766,UNL359
023851-S,UNL359
023852-C,UNL359
0026751-S,UNL360
0026752-C,UNL360
25792,UNL360
25793,UNL360
023719-C,UNL360
023720-S,UNL360
0026967-S,UNL361
0026968-C,UNL361
25774,UNL361
25775,UNL361
023885-S,UNL361
023886-C,UNL361
0026541-C,UNL362
0026542-S,UNL362
25735,UNL362
25736,UNL362
023981-C,UNL362
023982-S,UNL362
0026486-S,UNL364
0026487-C,UNL364
0027205-C,UNL364
0027206-S,UNL364
26028,UNL364
26029,UNL364
024281-S,UNL364
024282-C,UNL364
0026779-S,UNL365
0026780-C,UNL365
25645,UNL365
25646,UNL365
023995-S,UNL365
023996-C,UNL365
0027033-S,UNL366
0027034-C,UNL366
26171,UNL366
26172,UNL366
023797-C,UNL366
023798-S,UNL366
0027094-C,UNL367
0027095-S,UNL367
25834,UNL367
25835,UNL367
024243-S,UNL367
024244-C,UNL367
0026529-C,UNL368
0026530-S,UNL368
26175,UNL368
26176,UNL368
023659-S,UNL368
023660-C,UNL368
0026743-C,UNL369
0026744-S,UNL369
0027209-S,UNL369
0027210-C,UNL369
26199,UNL369
26200,UNL369
024045-C,UNL369
024046-S,UNL369
0026641-C,UNL370
0026642-S,UNL370
26244,UNL370
26245,UNL370
023971-S,UNL370
023972-C,UNL370
0026446-S,UNL371
0026447-C,UNL371
26052,UNL371
26053,UNL371
023633-C,UNL371
023634-S,UNL371
0026625-S,UNL372
0026626-C,UNL372
0026874-S,UNL372
0026875-C,UNL372
25643,UNL372
25644,UNL372
024253-S,UNL372
024254-C,UNL372
0026771-C,UNL373
0026772-S,UNL373
26042,UNL373
26043,UNL373
024209-C,UNL373
024210-S,UNL373
0026555-C,UNL374
0026556-S,UNL374
0026910-S,UNL374
0026911-C,UNL374
25859,UNL374
25860,UNL374
023757-C,UNL374
023758-S,UNL374
0026385-C,UNL376
0026386-S,UNL376
0027047-C,UNL376
0027048-S,UNL376
26264,UNL376
26265,UNL376
024211-C,UNL376
024212-S,UNL376
0026605-S,UNL377
0026606-C,UNL377
0027201-S,UNL377
0027202-C,UNL377
26101,UNL377
26102,UNL377
024191-S,UNL377
024192-C,UNL377
0026749-C,UNL378
0026750-S,UNL378
25959,UNL378
25960,UNL378
023649-C,UNL378
023650-S,UNL378
0026708-C,UNL379
0026709-S,UNL379
0026841-C,UNL379
0026842-S,UNL379
25663,UNL379
25664,UNL379
023587-C,UNL379
023588-S,UNL379
0026464-S,UNL380
0026465-C,UNL380
0027110-S,UNL380
0027111-C,UNL380
25513,UNL380
25514,UNL380
023753-S,UNL380
023754-C,UNL380
0026395-C,UNL381
0026396-S,UNL381
0026839-C,UNL381
0026840-S,UNL381
26111,UNL381
26112,UNL381
023769-C,UNL381
023770-S,UNL381
0026761-C,UNL382
0026762-S,UNL382
25749,UNL382
25750,UNL382
023563-C,UNL382
023564-S,UNL382
0026377-S,UNL383
0026378-C,UNL383
0027128-C,UNL383
0027129-S,UNL383
25641,UNL383
25642,UNL383
023927-C,UNL383
023928-S,UNL383
0027195-S,UNL384
0027196-C,UNL384
26016,UNL384
26017,UNL384
023597-C,UNL384
023598-S,UNL384
0026407-C,UNL385
0026408-S,UNL385
0027142-S,UNL385
0027143-C,UNL385
26206,UNL385
26207,UNL385
023631-S,UNL385
023632-C,UNL385
0026733-C,UNL386
0026734-S,UNL386
0027053-S,UNL386
0027054-C,UNL386
25911,UNL386
25912,UNL386
023989-C,UNL386
023990-S,UNL386
0026494-S,UNL387
0026495-C,UNL387
0026847-C,UNL387
0026848-S,UNL387
25957,UNL387
25958,UNL387
024339-C,UNL387
024340-S,UNL387
0026557-S,UNL388
0026558-C,UNL388
0027019-S,UNL388
0027020-C,UNL388
25863,UNL388
25864,UNL388
023691-C,UNL388
023692-S,UNL388
0027029-C,UNL389
0027030-S,UNL389
26276,UNL389
26277,UNL389
023795-C,UNL389
023796-S,UNL389
0026474-S,UNL390
0026475-C,UNL390
0027114-C,UNL390
0027115-S,UNL390
25937,UNL390
25938,UNL390
023809-C,UNL390
023810-S,UNL390
0027071-C,UNL391
0027072-S,UNL391
25786,UNL391
25787,UNL391
024151-S,UNL391
024152-C,UNL391
0026521-S,UNL392
0026522-C,UNL392
26347,UNL392
26348,UNL392
023577-S,UNL392
023578-C,UNL392
0026375-C,UNL393
0026376-S,UNL393
0026914-S,UNL393
0026915-C,UNL393
25998,UNL393
25999,UNL393
023903-C,UNL393
023904-S,UNL393
0026813-C,UNL394
0026814-S,UNL394
25606,UNL394
25607,UNL394
024111-S,UNL394
024112-C,UNL394
