Snapshot ID Tag,UNL ID
042197-S,UNL193
042198-C,UNL193
042199-S,UNL165
042200-C,UNL165
042201-S,UNL089
042202-C,UNL089
042203-S,UNL242
042204-C,UNL242
042205-C,UNL007
042206-S,UNL007
042207-S,UNL132
042208-C,UNL132
042209-S,UNL231
042210-C,UNL231
042211-C,UNL018
042212-S,UNL018
042213-C,UNL092
042214-S,UNL092
042215-C,UNL393
042216-S,UNL393
042217-S,UNL383
042218-C,UNL383
042219-C,UNL091
042220-S,UNL091
042221-C,UNL297
042222-S,UNL297
042223-C,UNL163
042224-S,UNL163
042225-C,UNL376
042226-S,UNL376
042227-C,UNL043
042228-S,UNL043
042229-S,UNL175
042230-C,UNL175
042231-S,UNL084
042232-C,UNL084
042233-S,UNL292
042234-C,UNL292
042235-C,UNL381
042236-S,UNL381
042237-S,UNL171
042238-C,UNL171
042239-S,UNL075
042240-C,UNL075
042241-S,UNL108
042242-C,UNL108
042243-C,UNL223
042244-S,UNL223
042245-S,UNL299
042246-C,UNL299
042247-C,UNL385
042248-S,UNL385
042249-C,UNL123
042250-S,UNL123
042251-C,UNL331
042252-S,UNL331
042253-C,UNL008
042254-S,UNL008
042255-S,UNL209
042256-C,UNL209
042257-C,UNL120
042258-S,UNL120
042259-C,UNL144
042260-S,UNL144
042261-S,UNL057
042262-C,UNL057
042263-S,UNL004
042264-C,UNL004
042265-C,UNL110
042266-S,UNL110
042267-S,UNL305
042268-C,UNL305
042270-C,UNL394
042271-S,UNL394
042272-S,UNL061
042273-C,UNL061
042274-C,UNL214
042275-S,UNL214
042276-C,UNL002
042277-S,UNL002
042278-S,UNL072
042279-C,UNL072
042280-S,UNL135
042281-C,UNL135
042282-S,UNL143
042283-C,UNL143
042284-C,UNL125
042285-S,UNL125
042286-S,UNL371
042287-C,UNL371
042288-S,UNL351
042289-C,UNL351
042290-C,UNL354
042291-S,UNL354
042292-C,UNL229
042293-S,UNL229
042294-S,UNL081
042295-C,UNL081
042296-C,UNL060
042297-S,UNL060
042298-S,UNL321
042299-C,UNL321
042300-S,UNL118
042301-C,UNL118
042302-S,UNL335
042303-C,UNL335
042304-S,UNL380
042305-C,UNL380
042306-C,UNL124
042307-S,UNL124
042308-C,UNL177
042309-S,UNL177
042310-C,UNL140
042311-S,UNL140
042312-C,UNL295
042313-S,UNL295
042314-S,UNL390
042315-C,UNL390
042316-C,UNL286
042317-S,UNL286
042318-C,UNL307
042319-S,UNL307
042320-S,UNL111
042321-C,UNL111
042322-S,UNL344
042323-C,UNL344
042324-C,UNL359
042325-S,UNL359
042326-S,UNL364
042327-C,UNL364
042328-S,UNL330
042329-C,UNL330
042330-S,UNL345
042331-C,UNL345
042332-S,UNL190
042333-C,UNL190
042334-S,UNL387
042335-C,UNL387
042336-C,UNL115
042337-S,UNL115
042338-C,UNL052
042339-S,UNL052
042340-C,UNL253
042341-S,UNL253
042343-S,UNL314
042344-C,UNL314
042345-S,UNL237
042346-C,UNL237
042347-S,UNL202
042348-C,UNL202
042349-S,UNL270
042350-C,UNL270
042351-C,UNL192
042352-S,UNL192
042353-S,UNL186
042354-C,UNL186
042355-S,UNL056
042356-C,UNL056
042357-S,UNL250
042358-C,UNL250
042359-S,UNL027
042360-C,UNL027
042361-S,UNL392
042362-C,UNL392
042363-S,UNL104
042364-C,UNL104
042365-S,UNL225
042366-C,UNL225
042367-S,UNL158
042368-C,UNL158
042369-C,UNL368
042370-S,UNL368
042371-S,UNL058
042372-C,UNL058
042373-C,UNL148
042374-S,UNL148
042375-S,UNL273
042376-C,UNL273
042377-S,UNL076
042378-C,UNL076
042379-C,UNL239
042380-S,UNL239
042381-C,UNL362
042382-S,UNL362
042383-S,UNL240
042384-C,UNL240
042385-S,UNL017
042386-C,UNL017
042387-C,UNL322
042388-S,UNL322
042389-S,UNL259
042390-C,UNL259
042391-C,UNL317
042392-S,UNL317
042393-C,UNL136
042394-S,UNL136
042395-C,UNL374
042396-S,UNL374
042397-S,UNL388
042398-C,UNL388
042399-C,UNL159
042400-S,UNL159
042401-C,UNL042
042402-S,UNL042
042403-C,UNL324
042404-S,UNL324
042405-S,UNL260
042406-C,UNL260
042407-S,UNL005
042408-C,UNL005
042409-C,UNL224
042410-S,UNL224
042411-C,UNL255
042412-S,UNL255
042413-S,UNL009
042414-C,UNL009
042415-C,UNL311
042416-S,UNL311
042417-S,UNL352
042418-C,UNL352
042419-S,UNL346
042420-C,UNL346
042421-C,UNL227
042422-S,UNL227
042423-S,UNL334
042424-C,UNL334
042425-C,UNL300
042426-S,UNL300
042427-C,UNL353
042428-S,UNL353
042429-S,UNL278
042430-C,UNL278
042431-C,UNL234
042432-S,UNL234
042433-S,UNL285
042434-C,UNL285
042435-C,UNL053
042436-S,UNL053
042437-C,UNL006
042438-S,UNL006
042439-S,UNL312
042440-C,UNL312
042441-C,UNL217
042442-S,UNL217
042443-C,UNL001
042444-S,UNL001
042445-S,UNL377
042446-C,UNL377
042447-S,UNL035
042448-C,UNL035
042449-C,UNL156
042450-S,UNL156
042451-S,UNL203
042452-C,UNL203
042453-C,UNL341
042454-S,UNL341
042455-S,UNL096
042456-C,UNL096
042457-C,UNL155
042458-S,UNL155
042459-S,UNL243
042460-C,UNL243
042461-C,UNL210
042462-S,UNL210
042463-C,UNL287
042464-S,UNL287
042465-S,UNL372
042466-C,UNL372
042467-C,UNL184
042468-S,UNL184
042469-S,UNL145
042470-C,UNL145
042471-S,UNL064
042472-C,UNL064
042473-S,UNL350
042474-C,UNL350
042475-S,UNL235
042476-C,UNL235
042477-S,UNL059
042478-C,UNL059
042479-S,UNL102
042480-C,UNL102
042481-C,UNL370
042482-S,UNL370
042483-S,UNL127
042484-C,UNL127
042485-S,UNL327
042486-C,UNL327
042488-C,UNL358
042489-S,UNL358
042490-C,UNL105
042491-S,UNL105
042492-C,UNL112
042493-S,UNL112
042494-C,UNL308
042495-S,UNL308
042496-C,UNL289
042497-S,UNL289
042498-S,UNL114
042499-C,UNL114
042500-S,UNL067
042501-C,UNL067
042502-S,UNL266
042503-C,UNL266
042504-S,UNL264
042505-C,UNL264
042506-S,UNL218
042507-C,UNL218
042508-C,UNL347
042509-S,UNL347
042510-S,UNL280
042511-C,UNL280
042512-C,UNL069
042513-S,UNL069
042514-C,UNL157
042515-S,UNL157
042516-S,UNL332
042517-C,UNL332
042518-S,UNL291
042519-C,UNL291
042520-C,UNL130
042521-S,UNL130
042522-C,UNL196
042523-S,UNL196
042524-S,UNL002
042525-C,UNL002
042526-S,UNL093
042527-C,UNL093
042528-C,UNL254
042529-S,UNL254
042530-S,UNL247
042531-C,UNL247
042532-C,UNL348
042533-S,UNL348
042534-C,UNL272
042535-S,UNL272
042536-S,UNL313
042537-C,UNL313
042538-S,UNL257
042539-C,UNL257
042540-S,UNL141
042541-C,UNL141
042542-S,UNL293
042543-C,UNL293
042544-S,UNL100
042545-C,UNL100
042546-C,UNL131
042547-S,UNL131
042548-C,UNL379
042549-S,UNL379
042550-S,UNL201
042551-C,UNL201
042552-S,UNL087
042553-C,UNL087
042554-C,UNL328
042555-S,UNL328
042556-C,UNL034
042557-S,UNL034
042558-C,UNL025
042559-S,UNL025
042561-C,UNL230
042562-S,UNL230
042563-S,UNL356
042564-C,UNL356
042565-C,UNL236
042566-S,UNL236
042567-S,UNL013
042568-C,UNL013
042569-S,UNL050
042570-C,UNL050
042571-C,UNL301
042572-S,UNL301
042573-C,UNL386
042574-S,UNL386
042575-S,UNL121
042576-C,UNL121
042577-C,UNL329
042578-S,UNL329
042579-C,UNL276
042580-S,UNL276
042581-S,UNL021
042582-C,UNL021
042583-C,UNL369
042584-S,UNL369
042585-C,UNL232
042586-S,UNL232
042587-C,UNL012
042588-S,UNL012
042589-C,UNL378
042590-S,UNL378
042591-S,UNL360
042592-C,UNL360
042593-S,UNL016
042594-C,UNL016
042595-S,UNL019
042596-C,UNL019
042597-S,UNL003
042598-C,UNL003
042599-S,UNL318
042600-C,UNL318
042601-C,UNL382
042602-S,UNL382
042603-S,UNL090
042604-C,UNL090
042605-S,UNL068
042606-C,UNL068
042607-S,UNL134
042608-C,UNL134
042609-S,UNL048
042610-C,UNL048
042611-C,UNL373
042612-S,UNL373
042613-S,UNL095
042614-C,UNL095
042615-S,UNL028
042616-C,UNL028
042617-S,UNL279
042618-C,UNL279
042619-S,UNL365
042620-C,UNL365
042621-S,UNL290
042622-C,UNL290
042623-C,UNL271
042624-S,UNL271
042625-C,UNL343
042626-S,UNL343
042627-S,UNL302
042628-C,UNL302
042629-C,UNL194
042630-S,UNL194
042631-C,UNL228
042632-S,UNL228
042633-C,UNL103
042634-S,UNL103
042635-C,UNL032
042636-S,UNL032
042637-S,UNL195
042638-C,UNL195
042639-S,UNL291
042640-C,UNL291
042641-S,UNL074
042642-C,UNL074
042643-C,UNL030
042644-S,UNL030
042645-S,UNL330
042646-C,UNL330
042647-S,UNL106
042648-C,UNL106
042649-S,UNL153
042650-C,UNL153
042651-S,UNL281
042652-C,UNL281
042653-C,UNL394
042654-S,UNL394
042655-S,UNL082
042656-C,UNL082
042657-C,UNL352
042658-S,UNL352
042659-C,UNL304
042660-S,UNL304
042661-C,UNL248
042662-S,UNL248
042663-S,UNL015
042664-C,UNL015
042665-S,UNL179
042666-C,UNL179
042667-C,UNL182
042668-S,UNL182
042669-C,UNL167
042670-S,UNL167
042671-C,UNL065
042672-S,UNL065
042673-S,UNL267
042674-C,UNL267
042675-S,UNL256
042676-C,UNL256
042677-C,UNL039
042678-S,UNL039
042679-C,UNL381
042680-S,UNL381
042681-C,UNL379
042682-S,UNL379
042683-S,UNL107
042684-C,UNL107
042685-S,UNL265
042686-C,UNL265
042687-C,UNL387
042688-S,UNL387
042689-S,UNL101
042690-C,UNL101
042691-C,UNL300
042692-S,UNL300
042693-C,UNL359
042694-S,UNL359
042695-C,UNL142
042696-S,UNL142
042697-C,UNL154
042698-S,UNL154
042699-C,UNL323
042700-S,UNL323
042701-C,UNL310
042702-S,UNL310
042703-S,UNL314
042704-C,UNL314
042706-S,UNL307
042707-C,UNL307
042708-C,UNL275
042709-S,UNL275
042710-C,UNL226
042711-S,UNL226
042712-S,UNL080
042713-C,UNL080
042714-S,UNL372
042715-C,UNL372
042716-C,UNL277
042717-S,UNL277
042718-C,UNL320
042719-S,UNL320
042720-S,UNL252
042721-C,UNL252
042722-C,UNL298
042723-S,UNL298
042724-C,UNL302
042725-S,UNL302
042726-C,UNL172
042727-S,UNL172
042728-C,UNL070
042729-S,UNL070
042730-S,UNL244
042731-C,UNL244
042732-C,UNL188
042733-S,UNL188
042734-S,UNL023
042735-C,UNL023
042736-C,UNL286
042737-S,UNL286
042738-S,UNL046
042739-C,UNL046
042740-C,UNL354
042741-S,UNL354
042742-C,UNL204
042743-S,UNL204
042744-S,UNL338
042745-C,UNL338
042746-C,UNL037
042747-S,UNL037
042748-S,UNL328
042749-C,UNL328
042750-S,UNL374
042751-C,UNL374
042752-C,UNL006
042753-S,UNL006
042754-S,UNL393
042755-C,UNL393
042756-C,UNL117
042757-S,UNL117
042758-S,UNL319
042759-C,UNL319
042760-C,UNL339
042761-S,UNL339
042762-C,UNL122
042763-S,UNL122
042764-S,UNL322
042765-C,UNL322
042766-S,UNL197
042767-C,UNL197
042768-S,UNL011
042769-C,UNL011
042770-C,UNL349
042771-S,UNL349
042772-S,UNL199
042773-C,UNL199
042774-S,UNL241
042775-C,UNL241
042776-C,UNL301
042777-S,UNL301
042779-S,UNL200
042780-C,UNL200
042781-C,UNL262
042782-S,UNL262
042783-S,UNL116
042784-C,UNL116
042785-S,UNL038
042786-C,UNL038
042787-C,UNL358
042788-S,UNL358
042789-C,UNL129
042790-S,UNL129
042791-C,UNL284
042792-S,UNL284
042793-C,UNL183
042794-S,UNL183
042795-S,UNL152
042796-C,UNL152
042797-C,UNL094
042798-S,UNL094
042799-S,UNL049
042800-C,UNL049
042801-S,UNL269
042802-C,UNL269
042803-S,UNL313
042804-C,UNL313
042805-C,UNL055
042806-S,UNL055
042807-S,UNL361
042808-C,UNL361
042809-S,UNL249
042810-C,UNL249
042811-S,UNL282
042812-C,UNL282
042813-S,UNL321
042814-C,UNL321
042815-S,UNL178
042816-C,UNL178
042817-C,UNL205
042818-S,UNL205
042819-S,UNL353
042820-C,UNL353
042821-C,UNL283
042822-S,UNL283
042823-C,UNL066
042824-S,UNL066
042825-C,UNL168
042826-S,UNL168
042827-S,UNL029
042828-C,UNL029
042829-S,UNL086
042830-C,UNL086
042831-C,UNL270
042832-S,UNL270
042833-C,UNL160
042834-S,UNL160
042835-C,UNL063
042836-S,UNL063
042837-S,UNL329
042838-C,UNL329
042839-C,UNL221
042840-S,UNL221
042841-S,UNL337
042842-C,UNL337
042843-S,UNL220
042844-C,UNL220
042845-C,UNL276
042846-S,UNL276
042847-C,UNL251
042848-S,UNL251
042849-C,UNL198
042850-S,UNL198
042851-S,UNL309
042852-C,UNL309
042853-C,UNL169
042854-S,UNL169
042855-S,UNL332
042856-C,UNL332
042857-S,UNL299
042858-C,UNL299
042859-S,UNL388
042860-C,UNL388
042861-C,UNL285
042862-S,UNL285
042863-S,UNL071
042864-C,UNL071
042865-S,UNL263
042866-C,UNL263
042867-S,UNL303
042868-C,UNL303
042869-C,UNL389
042870-S,UNL389
042871-C,UNL326
042872-S,UNL326
042873-S,UNL366
042874-C,UNL366
042875-S,UNL189
042876-C,UNL189
042877-C,UNL238
042878-S,UNL238
042879-S,UNL083
042880-C,UNL083
042881-S,UNL331
042882-C,UNL331
042883-C,UNL051
042884-S,UNL051
042885-S,UNL357
042886-C,UNL357
042887-C,UNL376
042888-S,UNL376
042889-S,UNL031
042890-C,UNL031
042891-C,UNL181
042892-S,UNL181
042893-S,UNL386
042894-C,UNL386
042895-C,UNL258
042896-S,UNL258
042897-S,UNL347
042898-C,UNL347
042899-S,UNL113
042900-C,UNL113
042901-S,UNL318
042902-C,UNL318
042903-S,UNL128
042904-C,UNL128
042905-C,UNL014
042906-S,UNL014
042907-S,UNL185
042908-C,UNL185
042909-C,UNL222
042910-S,UNL222
042911-C,UNL391
042912-S,UNL391
042913-C,UNL207
042914-S,UNL207
042915-S,UNL219
042916-C,UNL219
042917-S,UNL246
042918-C,UNL246
042919-C,UNL164
042920-S,UNL164
042921-S,UNL147
042922-C,UNL147
042924-S,UNL079
042925-C,UNL079
042926-C,UNL005
042927-S,UNL005
042928-S,UNL133
042929-C,UNL133
042930-C,UNL268
042931-S,UNL268
042932-S,UNL097
042933-C,UNL097
042934-C,UNL367
042935-S,UNL367
042936-C,UNL078
042937-S,UNL078
042938-S,UNL054
042939-C,UNL054
042940-C,UNL173
042941-S,UNL173
042942-S,UNL045
042943-C,UNL045
042944-S,UNL099
042945-C,UNL099
042946-C,UNL212
042947-S,UNL212
042948-S,UNL033
042949-C,UNL033
042950-S,UNL380
042951-C,UNL380
042952-C,UNL022
042953-S,UNL022
042954-C,UNL390
042955-S,UNL390
042956-S,UNL109
042957-C,UNL109
042958-S,UNL211
042959-C,UNL211
042960-S,UNL027
042961-C,UNL027
042962-S,UNL137
042963-C,UNL137
042964-S,UNL119
042965-C,UNL119
042966-C,UNL047
042967-S,UNL047
042968-C,UNL383
042969-S,UNL383
042970-S,UNL003
042971-C,UNL003
042972-S,UNL151
042973-C,UNL151
042974-C,UNL085
042975-S,UNL085
042976-S,UNL161
042977-C,UNL161
042978-C,UNL348
042979-S,UNL348
042980-C,UNL340
042981-S,UNL340
042982-S,UNL385
042983-C,UNL385
042984-S,UNL287
042985-C,UNL287
042986-S,UNL261
042987-C,UNL261
042988-S,UNL342
042989-C,UNL342
042990-S,UNL001
042991-C,UNL001
042992-S,UNL077
042993-C,UNL077
042994-S,UNL073
042995-C,UNL073
042997-S,UNL098
042998-C,UNL098
042999-C,UNL010
043000-S,UNL010
043001-C,UNL290
043002-S,UNL290
043003-C,UNL174
043004-S,UNL174
043005-C,UNL294
043006-S,UNL294
043007-S,UNL024
043008-C,UNL024
043009-C,UNL040
043010-S,UNL040
043011-S,UNL162
043012-C,UNL162
043013-S,UNL166
043014-C,UNL166
043015-C,UNL026
043016-S,UNL026
043017-S,UNL344
043018-C,UNL344
043019-S,UNL020
043020-C,UNL020
043021-C,UNL036
043022-S,UNL036
043023-S,UNL191
043024-C,UNL191
043025-C,UNL138
043026-S,UNL138
043027-C,UNL325
043028-S,UNL325
043029-S,UNL041
043030-C,UNL041
043031-C,UNL139
043032-S,UNL139
043033-C,UNL206
043034-S,UNL206
043035-S,UNL384
043036-C,UNL384
043037-C,UNL004
043038-S,UNL004
043039-C,UNL351
043040-S,UNL351
043041-S,UNL377
043042-C,UNL377
043043-C,UNL176
043044-S,UNL176
043045-C,UNL364
043046-S,UNL364
043047-C,UNL289
043048-S,UNL289
043049-S,UNL369
043050-C,UNL369
043051-C,UNL149
043052-S,UNL149
043053-S,UNL180
043054-C,UNL180
043055-S,UNL316
043056-C,UNL316
043057-S,UNL333
043058-C,UNL333
043059-C,UNL044
043060-S,UNL044
043061-S,UNL355
043062-C,UNL355
043063-S,UNL146
043064-C,UNL146
043065-S,UNL215
043066-C,UNL215
043067-S,UNL293
043068-C,UNL293
